/*
Navicat MySQL Data Transfer

Source Server         : localhost_3306
Source Server Version : 50626
Source Host           : localhost:3306
Source Database       : hospital

Target Server Type    : MYSQL
Target Server Version : 50626
File Encoding         : 65001

Date: 2017-03-12 19:56:11
*/

SET FOREIGN_KEY_CHECKS=0;

-- ----------------------------
-- Table structure for department
-- ----------------------------
DROP TABLE IF EXISTS `department`;
CREATE TABLE `department` (
  `department_id` int(11) NOT NULL AUTO_INCREMENT,
  `name` varchar(20) COLLATE utf8_bin NOT NULL,
  `hospital_id` int(11) NOT NULL,
  PRIMARY KEY (`department_id`),
  KEY `FK328E4352A88E8C05` (`hospital_id`),
  KEY `FK328E4352E2FB2570` (`hospital_id`),
  KEY `FK328E43524C6FFB04` (`hospital_id`),
  CONSTRAINT `FK328E43524C6FFB04` FOREIGN KEY (`hospital_id`) REFERENCES `hospital` (`hospital_id`),
  CONSTRAINT `FK328E4352E2FB2570` FOREIGN KEY (`hospital_id`) REFERENCES `hospital` (`hospital_id`),
  CONSTRAINT `department_hospital` FOREIGN KEY (`hospital_id`) REFERENCES `hospital` (`hospital_id`)
) ENGINE=InnoDB AUTO_INCREMENT=40 DEFAULT CHARSET=utf8 COLLATE=utf8_bin;

-- ----------------------------
-- Records of department
-- ----------------------------
INSERT INTO `department` VALUES ('5', '内科门诊', '5');
INSERT INTO `department` VALUES ('6', '外科门诊', '5');
INSERT INTO `department` VALUES ('8', '产科门诊', '5');
INSERT INTO `department` VALUES ('11', '眼科门诊', '5');
INSERT INTO `department` VALUES ('12', '耳鼻喉科门诊', '5');
INSERT INTO `department` VALUES ('13', '皮肤科门诊', '5');
INSERT INTO `department` VALUES ('14', '岭南名医门诊', '5');
INSERT INTO `department` VALUES ('15', '岭南名医门诊', '6');
INSERT INTO `department` VALUES ('16', '岭南名医门诊', '7');
INSERT INTO `department` VALUES ('17', '岭南名医门诊', '8');
INSERT INTO `department` VALUES ('18', '岭南名医门诊', '9');
INSERT INTO `department` VALUES ('19', '妇科门诊', '5');
INSERT INTO `department` VALUES ('20', '妇科门诊', '6');
INSERT INTO `department` VALUES ('21', '妇科门诊', '7');
INSERT INTO `department` VALUES ('22', '妇科门诊', '8');
INSERT INTO `department` VALUES ('23', '妇科门诊', '9');
INSERT INTO `department` VALUES ('24', '口腔科门诊', '9');
INSERT INTO `department` VALUES ('25', '口腔科门诊', '6');
INSERT INTO `department` VALUES ('26', '口腔科门诊', '5');
INSERT INTO `department` VALUES ('27', '口腔科门诊', '7');
INSERT INTO `department` VALUES ('28', '儿科门诊', '7');
INSERT INTO `department` VALUES ('29', '儿科门诊', '6');
INSERT INTO `department` VALUES ('30', '儿科门诊', '5');
INSERT INTO `department` VALUES ('31', '儿科门诊', '6');
INSERT INTO `department` VALUES ('32', '儿科门诊', '8');
INSERT INTO `department` VALUES ('33', '儿科门诊', '5');
INSERT INTO `department` VALUES ('34', '儿科门诊', '9');
INSERT INTO `department` VALUES ('35', '神经科门诊', '5');
INSERT INTO `department` VALUES ('36', '神经科门诊', '6');
INSERT INTO `department` VALUES ('37', '神经科门诊', '7');
INSERT INTO `department` VALUES ('38', '神经科门诊', '8');
INSERT INTO `department` VALUES ('39', '神经科门诊', '9');

-- ----------------------------
-- Table structure for doctor
-- ----------------------------
DROP TABLE IF EXISTS `doctor`;
CREATE TABLE `doctor` (
  `doctor_id` int(11) NOT NULL AUTO_INCREMENT,
  `name` varchar(20) COLLATE utf8_bin NOT NULL,
  `sex` enum('男','女') COLLATE utf8_bin NOT NULL,
  `department_id` int(11) NOT NULL,
  `hospital_id` int(11) NOT NULL,
  `academic_title` varchar(20) COLLATE utf8_bin DEFAULT NULL,
  `speciality` text COLLATE utf8_bin,
  `regfee` int(11) DEFAULT NULL,
  PRIMARY KEY (`doctor_id`),
  KEY `FKB0EF911F71AA5E45` (`department_id`),
  KEY `FKB0EF911FA88E8C05` (`hospital_id`),
  KEY `FKB0EF911FC35648F0` (`department_id`),
  KEY `FKB0EF911FE2FB2570` (`hospital_id`),
  KEY `FKB0EF911FA2EC0984` (`department_id`),
  KEY `FKB0EF911F4C6FFB04` (`hospital_id`),
  CONSTRAINT `FKB0EF911F4C6FFB04` FOREIGN KEY (`hospital_id`) REFERENCES `hospital` (`hospital_id`),
  CONSTRAINT `FKB0EF911FA2EC0984` FOREIGN KEY (`department_id`) REFERENCES `department` (`department_id`),
  CONSTRAINT `FKB0EF911FC35648F0` FOREIGN KEY (`department_id`) REFERENCES `department` (`department_id`),
  CONSTRAINT `FKB0EF911FE2FB2570` FOREIGN KEY (`hospital_id`) REFERENCES `hospital` (`hospital_id`),
  CONSTRAINT `doctor_department` FOREIGN KEY (`department_id`) REFERENCES `department` (`department_id`),
  CONSTRAINT `doctor_hospital` FOREIGN KEY (`hospital_id`) REFERENCES `hospital` (`hospital_id`)
) ENGINE=InnoDB AUTO_INCREMENT=122 DEFAULT CHARSET=utf8 COLLATE=utf8_bin;

-- ----------------------------
-- Records of doctor
-- ----------------------------
INSERT INTO `doctor` VALUES ('10', '柯晓燕', '女', '8', '5', '主治医师', null, '10');
INSERT INTO `doctor` VALUES ('11', '赵小凤', '男', '8', '5', null, null, '4');
INSERT INTO `doctor` VALUES ('12', '刘敏', '女', '5', '5', '教授', 0xE7B396E5B0BFE79785E58F8AE585B6E5B9B6E58F91E79787E38081E794B2E4BAA2E38081E5A4B1E79CA0E38081E592B3E597BD, '12');
INSERT INTO `doctor` VALUES ('13', '吴智兵', '男', '5', '5', '主任医师', 0xE88491E8A180E7AEA1E79785E38081E5A4B4E7979BE38081E5A4B4E69995E38081E591A8E59BB4E7A59EE7BB8FE79785E38081E5B895E98791E6A3AEE79785E38081E5A49AE58F91E680A7E7A1ACE58C96E38081E58F91E783ADE38081E592B3E597BD, '8');
INSERT INTO `doctor` VALUES ('14', '刘琼', '女', '5', '5', '副教授', 0xE591BCE590B8E7B3BBE7BB9FE796BEE79785E79A84E4B8ADE8A5BFE88DAFE7BB93E59088E8AF8AE6B2BBE38081E680A5E685A2E680A7E694AFE6B094E7AEA1E7828EE38081E593AEE59698E38081E882BAE5BF83E79785E38081E882BAE7828E, '10');
INSERT INTO `doctor` VALUES ('15', '梁毅', '男', '5', '5', '副主任医师', 0xE8A180E38081E799BDE8A180E79785E38081E681B6E680A7E8A180E6B6B2E79785E38081E59084E7A78DE8B4ABE8A180E38081E8A180E5B08FE69DBFE5878FE5B091E79787E38081E799BDE7BB86E8839EE5878FE5B091E79787, '13');
INSERT INTO `doctor` VALUES ('16', '李健明', '男', '5', '5', null, null, '20');
INSERT INTO `doctor` VALUES ('17', '陈刚毅', '男', '5', '5', '副教授', 0xE5B0BFE8B7AFE6849FE69F93E38081E882BEE7BB93E79FB3E38081E882BEE79785E7BBBCE59088E79785E38081E882BEE58A9FE883BDE8A1B0E7ABADE7AD89, '6');
INSERT INTO `doctor` VALUES ('18', '钟崇', '男', '6', '5', '副主任医师', null, '5');
INSERT INTO `doctor` VALUES ('19', '王志刚', '男', '6', '5', null, null, '20');
INSERT INTO `doctor` VALUES ('20', '郝蕾', '男', '6', '5', null, null, '7');
INSERT INTO `doctor` VALUES ('21', '翁治委', '男', '6', '5', null, null, '6');
INSERT INTO `doctor` VALUES ('22', '郭亚雄', '男', '6', '5', '主治医师', 0xE5BF83E8848FE38081E5A4A7E8A180E7AEA1E38081E882BAE983A8E38081E9A39FE98193E883B8E599ACE79785, '10');
INSERT INTO `doctor` VALUES ('23', '许志恒', '男', '6', '5', null, null, '10');
INSERT INTO `doctor` VALUES ('32', '赵英恒', '男', '5', '6', '主任医师', 0xE4B8ADE8A5BFE58CBBE7BB93E59088E58F8AE88383E882A0E9959CE8AF8AE6B2BBE6B688E58C96E4B88DE889AFE38081E88383E7828EE38081E882A0E7828EE38081E88383E882A0E98193E587BAE8A180E38081E885B9E6B3BBE38081E4BEBFE7A798E38081E8829DE88386E883B0E7AD89E796BEE79785, '5');
INSERT INTO `doctor` VALUES ('33', '傅慧芳', '女', '5', '6', '副主任医师', 0xE58E9FE58F91E680A7E5928CE7BBA7E58F91E680A7E882BEE5B08FE79083E796BEE7978528E5A682E680A5E38081E685A2E680A7E882BEE7828EE38081E882BEE79785E7BBBCE59088E79787E38081E882BEE5B08FE7AEA1EFBC8DE997B4E8B4A8E680A7E796BEE79785E38081E78BBCE796AEE680A7E882BEE7828EE7AD8929E38081E5B0BFE8B7AFE6849FE69F93E38081E680A5E680A7E882BEE8A1B0E7ABADE5928CE5B0BFE6AF92E79787E79A84E8AF8AE696ADE5928CE6B2BBE79697E38082, '20');
INSERT INTO `doctor` VALUES ('34', '李万根', '男', '5', '6', '主任医师', 0xE59084E7A78DE58685E58886E6B38CE796BEE79785E79A84E8AF8AE6B2BBE38082, '7');
INSERT INTO `doctor` VALUES ('35', '冯莹', '女', '5', '6', '主任医师', 0xE8A180E6B6B2E882BFE798A4E38081E79691E99ABEE587BAE8A180E5928CE8A180E6A093E680A7E796BEE79785E79A84E8AF8AE6B2BB, '6');
INSERT INTO `doctor` VALUES ('36', '陈瑞林', '男', '5', '6', '副教授', 0xE5AFB9E8AF8AE6B2BBE9809AE9A38EE38081E7B1BBE9A38EE6B9BFE585B3E88A82E7828EE38081E7B3BBE7BB9FE680A7E7BAA2E69691E78BBCE796AEE38081E9AAA8E585B3E88A82E7828EE38081E9AAA8E8B4A8E7968FE69DBEE79787E38081E5BCBAE79BB4E680A7E8848AE69FB1E7828EE38081E8A180E7AEA1E7828EE38081E68890E4BABAE696AFE89282E5B094E79785E7AD89E59084E7A78DE9A38EE6B9BFE680A7E796BEE79785E69C89E4B8B0E5AF8CE79A84E4B8B4E5BA8AE7BB8FE9AA8C, '10');
INSERT INTO `doctor` VALUES ('37', '胡惠娟', '女', '5', '6', '副主任医师', 0xE685A2E680A7E592B3E597BDE79A84E989B4E588ABE8AF8AE696ADE58F8AE8AF8AE79697EFBC8CE592B3E597BDE6AF94E998BFE5B0BCE680A7E694AFE6B094E7AEA1E593AEE59698EFBC8CE694AFE6B094E7AEA1E689A9E5B195EFBC8CE882BAE983A8E6849FE69F93EFBC8CE685A2E680A7E998BBE5A19EE680A7E882BAE796BEE79785E79A84E8AF8AE6B2BB, '10');
INSERT INTO `doctor` VALUES ('38', '田利奇', '男', '5', '6', '主任医师', 0xE591BCE590B8E7B3BBE7BB9FE6849FE69F93E680A7E796BEE79785E38081E685A2E680A7E998BBE5A19EE680A7E882BAE796BEE79785E38081E694AFE6B094E7AEA1E593AEE59698E38081E882BAE997B4E8B4A8E796BEE79785E38081E883B8E88594E7A7AFE6B6B2E79A84E8AF8AE696ADE4B88EE6B2BBE79697EFBC8CE882BAE983A8E998B4E5BDB1E79A84E8AF8AE696ADE4B88EE989B4E588ABE8AF8AE696ADE38082, '4');
INSERT INTO `doctor` VALUES ('39', '章乐虹', '女', '6', '6', '教授', 0xE4B9B3E885BAE796BEE79785E5A496E7A791E6B2BBE79697EFBC8CE4B9B3E885BAE7998CE6898BE69CAFE6B2BBE79697E58F8AE4B9B3E688BFE9878DE5BBBAE38081E4B9B3E885BAE7998CE58C96E79697E38081E58685E58886E6B38CE6B2BBE79697E7AD89E7BBBCE59088E6B2BBE79697E38082, '12');
INSERT INTO `doctor` VALUES ('40', '林少芒', '男', '6', '6', '教授', 0xE883B8E885B9E4B8BBE58AA8E88489E798A4E38081E58AA8E88489E7A1ACE58C96E997ADE5A19EE38081E4B88BE882A2E6BA83E796A1E38081E88489E7AEA1E7828EE38081E99D99E88489E69BB2E5BCA0E38081E99D99E88489E8A180E6A093E38081E7B396E5B0BFE79785E8B6B3E38082, '8');
INSERT INTO `doctor` VALUES ('41', '邓一文', '女', '6', '6', '副主任医师', 0xE5AFB9E699AEE9809AE5A496E7A791E796BEE79785E69C89E4B8B0E5AF8CE79A84E4B8B4E5BA8AE8AF8AE6B2BBE7BB8FE9AA8CEFBC8CE6898BE69CAFE68A80E5B7A7E7B2BEE6B99BEFBC8CE5AFB9E88383E882A0E882BFE798A4EFBC8CE794B2E78AB6E885BAE796BEE79785E38081E885B9E882A1E6B29FE7969DE38081E79BB4E882A0E8829BE997A8E889AFE680A7E796BEE79785E6B2BBE79697E7BB8FE9AA8CE78BACE588B0EFBC8CE5B0A4E585B6E69385E995BFE885B9E983A8E5A496E7A791E680A5E79787E79A84E4B8B4E5BA8AE5A484E79086E38082, '10');
INSERT INTO `doctor` VALUES ('42', '陈志光', '男', '6', '6', '教授', 0xE6B38CE5B0BFE38081E794B7E7949FE6AE96E7B3BBE7BB9FE882BFE798A4E38081E5A48DE69D82E680A7E5B0BFE8B7AFE7BB93E79FB3E38081E882BEE4B88AE885BAE796BEE79785EFBC8CE685A2E680A7E5898DE58897E885BAE7828EE7AD89E796BEE79785E79A84E8AF8AE696ADE58F8AE5A484E79086EFBC8CE88594E9959CE6898BE69CAFE5A682E7BB8FE5B0BFE98193E5898DE58897E885BAE794B5E58887E69CAFEFBC8CE8BE93E5B0BFE7AEA1E9959CE7A28EE79FB3E69CAFE38082, '13');
INSERT INTO `doctor` VALUES ('43', '许日初', '男', '6', '6', '主任医师', 0xE8848AE69FB1E5A496E7A791E4BABAE5B7A5E585B3E88A82E7BDAEE68DA2EFBC8CE5889BE4BCA4E38081E9AAA8E79785E38081E685A2E680A7E8BDAFE7BB84E7BB87E68D9FE4BCA4E38082, '20');
INSERT INTO `doctor` VALUES ('44', '梁建辉', '男', '6', '6', '教授', 0xE59084E7A78DE883B8E983A8E882BFE798A4E79A84E5BEAEE5889BE6898BE69CAFEFBC8CE9878DE79787E8828CE697A0E58A9BE38081E883B8E983A8E79691E99ABEE796BEE79785E79A84E8AF8AE6B2BBE58F8AE4B8A5E9878DE883B8E5A496E4BCA4E79A84E68AA2E69591E38082, '6');
INSERT INTO `doctor` VALUES ('45', '李志英', '男', '11', '5', '教授', 0xE99D92E58589E79CBCE38081E799BDE58685E99A9CE38081E9AB98E5BAA6E8BF91E8A786E38081E79CBCE5BA95E79785E38081E6B581E6B3AAE79787, '5');
INSERT INTO `doctor` VALUES ('46', '王幼生', '男', '11', '5', '主任医师', 0xE995BFE69C9FE4BB8EE4BA8BE8BF91E8A786E79CBCE998B2E6B2BBE7A094E7A9B6EFBC8CE69385E995BFE8BF91E8A786E79CBCE79A84E59084E7A78DE6898BE69CAFE5928CE99D9EE6898BE69CAFE998B2E6B2BBE696B9E6B395E38081E79CBCE7A791E5B8B8E8A781E79785, '20');
INSERT INTO `doctor` VALUES ('47', '刘求红', '男', '11', '5', '主治医师', 0xE79CBCE7A791E5B8B8E8A781E79785, '7');
INSERT INTO `doctor` VALUES ('48', '詹宇坚', '男', '11', '5', '主任医师', 0xE4BB8EE4BA8BE79CBCE7A791E4B8B4E5BA8AE38081E69599E5ADA6E38081E7A791E7A094E5B7A5E4BD9CE4BA8CE58D81E5A49AE5B9B4EFBC8CE4B8ADE58CBBE79086E8AEBAE980A0E8AFA3E8BE83E6B7B1EFBC8CE69385E995BFE4B8ADE8A5BFE58CBBE7BB93E59088E8AF8AE79697E79CBCE5BA95E79785EFBC8CE5B0A4E585B6E5AFB9E891A1E89084E8869CE7828EE38081E79CBCE5BA95E79785E38081E799BDE58685E99A9CE38081E88081E5B9B4E680A7E9BB84E69691E58F98E680A7E69C89E4B8B0E5AF8CE79A84E4B8B4E5BA8AE7BB8FE9AA8C, '6');
INSERT INTO `doctor` VALUES ('49', '王小川', '女', '11', '5', '主治医师', 0xE69385E995BFEFBC9AE79CBCE7A791E5B8B8E8A781E79785, '10');
INSERT INTO `doctor` VALUES ('50', '冀建平', '男', '11', '5', '主治医师', 0xE8A792E8869CE79785E38081E8BF91E8A786E38081E99D92E58589E79CBCE7AD89, '10');
INSERT INTO `doctor` VALUES ('51', '钟筱华', '女', '12', '5', '副主任医师', 0xE880B3E9BCBBE59689E7A791E69D82E79785, '4');
INSERT INTO `doctor` VALUES ('52', '王顺兰', '女', '12', '5', '副主任医师', 0xE5A4B4E9A288E882BFE798A4E38081E9BCBBE7AAA6E7828EE38081E592BDE59689E7828EE7AD89, '30');
INSERT INTO `doctor` VALUES ('53', '邱宝珊', '女', '12', '5', '教授', 0xE880B3E9B8A3E38081E880B3E8818BE38081E9BCBBE7828EE38081E9BCBBE592BDE7998CE38081E592BDE59689E796BEE79785E38081E9BCBBE79785E7AD89, '8');
INSERT INTO `doctor` VALUES ('54', '查旭山', '男', '13', '5', '教授', 0xE59084E7A78DE7BB93E7BC94E7BB84E7BB87E79785E38081E680A7E79785E38081E79C9FE88F8CE79785E38081E7BE8EE5AEB9E6898BE69CAFE7AD89, '10');
INSERT INTO `doctor` VALUES ('55', '周克邦', '男', '13', '5', '副教授', 0xE7A78DE7BB93E7BC94E7BB84E7BB87E79785E38081E680A7E79785E38081E79C9FE88F8CE79785E38082, '13');
INSERT INTO `doctor` VALUES ('56', '林少健', '女', '13', '5', '副主任医师', 0xE5AFBBE9BABBE796B9E38081E797A4E796AEE38081E884B1E58F91E38081E5B096E99490E6B9BFE796A3E7AD89, '20');
INSERT INTO `doctor` VALUES ('57', '田耕', '男', '8', '6', '主任医师', 0xE5A687E4BAA7E7A791E59084E7A78DE79691E99ABEE58DB1E9878DE796BEE79785E79A84E8AF8AE6B2BBEFBC8CE5B0A4E585B6E698AFE59084E7A78DE9AB98E58DB1E5A68AE5A8A0E38081E5A68AE5A8A0E59088E5B9B6E79787E38081E99ABEE4BAA7E6898BE69CAFE69C89E4B8B0E5AF8CE79A84E4B8B4E5BA8AE7BB8FE9AA8CE38082, '6');
INSERT INTO `doctor` VALUES ('58', '张兰珍', '女', '8', '6', '主任医师', 0xE59CA8E59BB4E4BAA7E58CBBE5ADA6E5928CE8838EE584BFE8B685E5A3B0E7AD89E696B9E99DA2E69C89E8BE83E6B7B1E79A84E7A094E7A9B6EFBC8CE69385E995BFE4BAA7E7A791E5A68AE5A8A0E59088E5B9B6E79787E38081E5B9B6E58F91E79787E58F8AE99ABEE4BAA7E79A84E8AF8AE696ADE5928CE5A484E79086E5A682EFBC9AE58F8CE8838EE5A68AE5A8A0E38081E5A68AE5A8A0E69C9FE7B396E5B0BFE79785E38081E5A68AE5A8A0E59088E5B9B6E7B3BBE7BB9FE680A7E7BAA2E69691E78BBCE796AEE38081E5A68AE5A8A0E59088E5B9B6E8A180E6A093E680A7E796BEE79785E7AD89E38082, '5');
INSERT INTO `doctor` VALUES ('59', '郑小东', '男', '8', '6', '副主任医师', 0xE5AFB9E5A68AE5A8A0E88386E6B181E6B7A4E7A7AFE7BBBCE59088E79787E38081E5A68AE5A8A0E69C9FE7B396E5B0BFE79785E38081E5A68AE9AB98E5BE81E38081E697A9E4BAA7E38081E8838EE584BFE5AEABE58685E58F91E882B2E8BF9FE7BC93E38081E5898DE7BDAEE8838EE79B98E38081E5A68AE5A8A0E7B396E5B0BFE79785E7AD89E9AB98E58DB1E5A68AE5A8A0E796BEE79785E79A84E8AF8AE696ADE4B88EE6B2BBE79697E585B7E69C89E8BE83E6B7B1E585A5E79A84E7A094E7A9B6E38082E69385E995BFE59084E7A78DE99ABEE4BAA7E6898BE69CAFE58F8AE58996E5AEABE4BAA7E38082, '20');
INSERT INTO `doctor` VALUES ('60', '沙翔垠', '男', '11', '6', '主任医师', 0xE4BB8EE4BA8BE79CBCE7A791E5B7A5E4BD9C3235E5B9B4EFBC8CE5B0A4E585B6E698AFE5A484E79086E79691E99ABEE5A48DE69D82E79CBCE79785E79A84E7BB8FE9AA8CE5928CE883BDE58A9BEFBC8CE69385E995BFE4BA8EE59084E7A78DE799BDE58685E99A9CE8B685E5A3B0E4B9B3E58C96E6898BE69CAFE38081E59084E7A78DE8A792E8869CE7A7BBE6A48DE6898BE69CAFE38081E58786E58886E5AD90E6BF80E58589E6B2BBE79697E8BF91E8A786E6898BE69CAFE38081E78EBBE79283E4BD93E58887E589B2E6898BE69CAFEFBC8CE5A48DE69D82E79CBCE5A496E4BCA4E7AD89E7AD89E79CBCE7A791E698BEE5BEAEE6898BE69CAF, '14');
INSERT INTO `doctor` VALUES ('61', '郭露萍', '女', '11', '6', '主任医师', 0xE79CBCE5BA95E79785E38081E88081E5B9B4E680A7E79CBCE79785E58F8AE585A8E8BAABE796BEE79785E5BC95E8B5B7E79A84E79CBCE983A8E79785E58F98E79A84E8AF8AE6B2BB, '6');
INSERT INTO `doctor` VALUES ('62', '姚达强', '男', '11', '6', '主任医师', 0xE799BDE58685E99A9CE38081E8BF91E8A786E38081E99D92E58589E79CBCE7AD89E5B8B8E8A781E79CBCE79785EFBC8CE6898BE69CAFE7BB8FE9AA8CE8BF87E4B887E6ACA1, '10');
INSERT INTO `doctor` VALUES ('63', '郭镇平', '男', '12', '6', '主任医师', 0xE4B8B4E5BA8AE7BB8FE9AA8CE4B8B0E5AF8CEFBC8CE69385E995BFE880B3E9BCBBE592BDE59689E5A4B4E9A288E882BFE798A4E38081E79691E99ABEE79785E79787E79A84E8AF8AE79697E69C89E8BE83E9AB98E980A0E8AFA3E38082, '10');
INSERT INTO `doctor` VALUES ('64', '翁盛贤', '男', '12', '6', '主任医师', 0xE5AFB9E880B3E7A791E5ADA6E38081E590ACE58A9BE5ADA6E38081E9BCBBE58685E7AAA5E9959CE6898BE69CAFE38081E59793E99FB3E5ADA6E38081E998BBE5A19EE680A7E79DA1E79CA0E69A82E5819CE8AF8AE696ADE6B2BBE79697E69C89E8BE83E9AB98E79A84E980A0E8AFA3E38082, '4');
INSERT INTO `doctor` VALUES ('65', '严小玲', '女', '12', '6', '副主任医师', 0xE5AFB9E5A4B4E9A288E983A8E882BFE798A4E38081E880B3E7A791E5ADA6E38081E9BCBBE58685E7AAA5E9959CE6898BE69CAFE38081E998BBE5A19EE680A7E79DA1E79CA0E69A82E5819CE7BBBCE59088E5BE81E7AD89E796BEE79785E79A84E8AF8AE6B2BBE69C89E78BACE588B0E8A781E8A7A3E38082, '12');
INSERT INTO `doctor` VALUES ('66', '杨健', '男', '13', '6', '教授', 0xE59CA8E8AF8AE6B2BBE8BF87E6958FE680A7E79AAEE882A4E79785E38081E58589E7BABFE680A7E79AAEE882A4E79785E38081E79C9FE88F8CE6849FE69F93E38081E5B8A6E78AB6E796B1E796B9E38081E799BDE7999CE9A38EE38081E79AAEE882A4E882BFE798A4E38081E680A7E79785E58F8AE79691E99ABEE9878DE79787E79785E4BE8BE696B9E99DA2E69C89E8BE83E5A49AE5BF83E5BE97E38082, '8');
INSERT INTO `doctor` VALUES ('67', '杨文林', '男', '13', '6', '副主任医师', 0xE5AFB9E79AAEE882A4E79785E5928CE680A7E79785E79A84E8AF8AE6B2BBE585B7E69C89E4B8B0E5AF8CE79A84E4B8B4E5BA8AE7BB8FE9AA8CE5928CE5BF83E5BE97EFBC8CE69385E995BFE584BFE7ABA5E79AAEE882A4E79785E58F8AE680A7E4BCA0E692ADE796BEE79785E79A84E8AF8AE79697EFBC8CE8AF8AE6B2BBE4BA86E4B88DE5B091E79A84E79691E99ABEE5928CE5B091E8A781E79785E4BE8BE38082, '10');
INSERT INTO `doctor` VALUES ('68', '黄新宇', '男', '13', '6', '副主任医师', 0xE4B8B4E5BA8AE7BB8FE9AA8CE4B8B0E5AF8CEFBC8CE69385E995BFE685A2E680A7E88DA8E9BABBE796B9E38081E797A4E796AEE38081E5B096E99490E6B9BFE796A3E38081E6A285E6AF92E7AD89E79AAEE882A4E79785E38081E680A7E79785E79A84E8AF8AE6B2BBE58F8AE6BF80E58589E7BE8EE5AEB9E38082, '13');
INSERT INTO `doctor` VALUES ('69', '温东东', '男', '6', '7', '副主任医师', 0xE4B8BBE4BBBBE58CBBE5B888EFBC8CE4BB8EE4BA8BE5A496E7A791E4B8B4E5BA8AE5B7A5E4BD9C3430E4BD99E5B9B4EFBC9B0AE5B9BFE5B79EE5B882E7ACACE4B880E4BABAE6B091E58CBBE999A2E5B7A5E4BD9C3230E4BD99E5B9B4EFBC8CE78EB0E4B8BAE5B9BFE5B79EE5B882E58D97E6B299E4B8ADE5BF83E58CBBE999A2E8BF94E88198E5A496E7A791E4B893E5AEB6E38082, '20');
INSERT INTO `doctor` VALUES ('70', '古维立', '男', '6', '7', '主任医师', 0xE8829DE88386E5A496E7A791E7A791E4B8BBE4BBBBEFBC8CE4B8BBE4BBBBE58CBBE5B888EFBC8CE58CBBE5ADA6E58D9AE5A3ABEFBC8CE7A195E5A3ABE7A094E7A9B6E7949FE5AFBCE5B888E380820AE78EB0E4BBBBE5B9BFE4B89CE79C81E8829DE79785E5ADA6E4BC9AE5A496E7A791E6898BE69CAFE4B893E4B89AE589AFE4B8BBE5A794E38081E5B9BFE4B89CE79C81E8829DE79785E5ADA6E4BC9AE5BEAEE5889BE4B893E4B89AE589AFE4B8BBE5A794, '6');
INSERT INTO `doctor` VALUES ('71', '阳峻', '男', '6', '7', '副主任医师', null, '5');
INSERT INTO `doctor` VALUES ('72', '赵子文', '男', '5', '7', '主任医师', 0xE4B8ADE58D8EE58CBBE5ADA6E4BC9AE591BCE590B8E79785E58886E4BC9A434F5044E5ADA6E7BB84E68890E59198EFBC8C0AE5B9BFE4B89CE79C81E58CBBE5ADA6E4BC9AE591BCE590B8E79785E58886E4BC9AE589AFE4B8BBE4BBBBE5A794E59198E3808120E5B9BFE4B89CE79C81E58CBBE5B888E58D8FE4BC9AE591BCE590B8E79785E58886E4BC9AE589AFE4B8BBE4BBBBE5A794E59198E38081, '20');
INSERT INTO `doctor` VALUES ('73', '张颖', '女', '5', '7', '主任医师', 0xE4BB8EE4BA8BE591BCE590B8E58685E7A791E4B8B4E5BA8AE38081E7A791E7A094E38081E69599E5ADA63138E5B9B4EFBC8CE4B8ADE58D8EE58CBBE5ADA6E4BC9AE4BC9AE59198EFBC8C0AE69385E995BFE694AFE6B094E7AEA1E593AEE59698E5928CE685A2E680A7E998BBE5A19EE680A7E882BAE79785E38081E79DA1E79CA0E591BCE590B8E69A82E5819CE38081E591BCE590B8E8A1B0E7ABADE79A84E8AF8AE696ADE4B88EE6B2BBE7969720E38082, '37');
INSERT INTO `doctor` VALUES ('74', '邓玲红', '女', '8', '7', '主任医师', 0xE98293E78EB2E7BAA2EFBC8CE5A5B3EFBC8CE4B8BBE4BBBBE58CBBE5B888EFBC8CE7A195E5A3ABEFBC8C0AE78EB0E4BBBBE5B9BFE5B79EE5B882E5A687E5B9BCE4BF9DE581A5E5B7A5E4BD9CE5A794E59198E4BC9AE5A794E59198EFBC8CE5B9BFE4B89CE79C81E58CBBE5ADA6E4BC9AE59BB4E4BAA7E58CBBE5ADA6E5ADA6E4BC9AE5A794E59198EFBC8C0AE5B9BFE4B89CE79C81E58CBBE5ADA6E4BC9AE8AEA1E58892E7949FE882B2E5ADA6E4BC9AE5A794E59198, '6');
INSERT INTO `doctor` VALUES ('75', '唐蔚', '女', '8', '7', '副主任医师', 0xE589AFE4B8BBE4BBBBE58CBBE5B888EFBC8CE8AEB2E5B888E38082E4B89CE58D97E5A4A7E5ADA6E6AF95E4B89AEFBC8CE69AA8E58D97E5A4A7E5ADA6E7A094E7A9B6E7949FE380820AE995BFE69C9FE4BB8EE4BA8BE5A687E4BAA7E7A791E4B8B4E5BA8AE38081E69599E5ADA6E5B7A5E4BD9CEFBC8CE585B7E69C89E4B8B0E5AF8CE79A84E4B8B4E5BA8AE7BB8FE9AA8CE5928CE7869FE7BB83E79A84E6898BE69CAFE68A80E5B7A7EFBC8C, '10');
INSERT INTO `doctor` VALUES ('76', '陈能', '男', '8', '7', '主治医师', null, '10');
INSERT INTO `doctor` VALUES ('77', '苏芳', '女', '12', '7', '主任医师', 0xE880B3E9BCBBE592BDE59689E7A791E4B8BBE4BBBBE58CBBE5B888EFBC8CE5B9BFE5B79EE5B882E58CBBE79697E58DABE7949FE4B893E5AEB6E5BA93E4B893E5AEB6E68890E59198E38082200AE4BB8EE4BA8BE880B3E9BCBBE592BDE59689E7A791E4B8B4E5BA8AE5B7A5E4BD9CE4BA8CE58D81E5A49AE5B9B4EFBC8CE69385E995BFE880B3E9BCBBE592BDE59689E7A791E59084E7B1BBE79691E99ABEE796BEE79785E79A84E8AF8AE696ADE38081E6B2BBE79697, '4');
INSERT INTO `doctor` VALUES ('78', '曾国庆', '男', '12', '7', '医师', 0xE58CBBE5ADA6E7A195E5A3ABEFBC8CE995BFE69C9FE4BB8EE4BA8BE880B3E9BCBBE592BDE59689E7A791E4B8B4E5BA8AE38081E7A791E7A094E5B7A5E4BD9CEFBC8C0AE59FBAE7A180E79086E8AEBAE5928CE4B893E4B89AE79FA5E8AF86E6898EE5AE9EE38082E7869FE7BB83E68E8CE68FA1E8BF87E6958FE680A7E9BCBBE7828EE38081E9BCBBE7AAA6E7828EE38081E9BCBBE681AFE88289E38081E680A5E685A2E680A7E592BDE59689E7828EE38081E5A3B0E5B8A6E681AFE88289E38081, '30');
INSERT INTO `doctor` VALUES ('79', '张改霞', '女', '12', '7', '医师', 0xE58CBBE5ADA6E7A195E5A3ABEFBC8CE6AF95E4B89AE4BA8EE98391E5B79EE5A4A7E5ADA6E58CBBE5ADA6E999A2EFBC8CE7869FE7BB83E68E8CE68FA1E880B3E9BCBBE592BDE59689E5B8B8E8A781E796BEE79785E380810AE5A49AE58F91E79785E79A84E8AF8AE79697E5B8B8E8A784EFBC8CE5AFB9E880B3E9BCBBE59689E7A791E680A5E8AF8AE5A682E9BCBBE587BAE8A180EFBC8CE880B3E38081E9BCBBE38081E592BDE59689E983A8E5BC82E789A9E7AD89E883BDE7869FE7BB83E5A484E79086, '8');
INSERT INTO `doctor` VALUES ('80', '刘国龙', '男', '13', '7', '主任医师', 0xE58898E59BBDE9BE99EFBC9AE882BFE798A4E7A791E7A791E4B8BBE4BBBBE38081E4B8BBE4BBBBE58CBBE5B888E38081E4B8B4E5BA8AE882BFE798A4E5ADA6E7A195E5A3ABE7A094E7A9B6E7949FE5AFBCE5B888EFBC8C0AE5B9BFE4B89CE694BEE79697E5ADA6E4BC9AE5A794E59198EFBC8CE5B9BFE5B79EE882BFE798A4E5ADA6E4BC9AE589AFE4B8BBE4BBBBE5A794E59198EFBC8CE5B9BFE5B79EE68A97E7998CE58D8FE4BC9AE783ADE79697E4B88EE6B688E89E8DE6B2BBE79697E4B893E4B89AE5A794E59198E4BC9AE4B8BBE4BBBBE5A794E59198E38082, '10');
INSERT INTO `doctor` VALUES ('81', '曹小飞', '男', '13', '7', '副主任医师', 0xE882BFE798A4E7A791E589AFE4B8BBE4BBBBE58CBBE5B888EFBC8CE69CACE7A791E6AF95E4B89AE4BA8EE7ACACE4B889E5869BE58CBBE5A4A7E5ADA6EFBC8C0AE7A195E5A3ABE6AF95E4B89AE4BA8EE7ACACE4B880E5869BE58CBBE5A4A7E5ADA6E38082E4BB8EE4BA8BE882BFE798A4E7A791E4B8B4E5BA8AE5B7A5E4BD9C3135E4BD99E5B9B4EFBC8CE69385E995BFE4BA8EE882BFE798A4E694BEE79697E38081E58C96E79697E38081E5858DE796ABE6B2BBE79697E58F8AE58886E5AD90E99DB6E59091E6B2BBE79697, '13');
INSERT INTO `doctor` VALUES ('82', '李初俊', '男', '5', '8', '副主任医师', 0xE6B688E58C96E58685E7A791E589AFE4B8BBE4BBBBE58CBBE5B888EFBC8CE7A195E5A3ABE7A094E7A9B6E7949FE5AFBCE5B888E38082200AE4B8ADE5B1B1E5A4A7E5ADA6E99984E5B19EE7ACACE585ADE58CBBE999A2E6B688E58C96E58685E9959CE4B8ADE5BF83E4B8BBE4BBBBEFBC8CE6B688E58C96E58685E7A791E4B8BBE4BBBBE38082200AE4B8ADE58D8EE58CBBE5ADA6E4BC9AE6B688E58C96E58685E9959CE5ADA6E58886E4BC9AE99D92E5B9B4E5A794E59198E4BC9AE5928CE5A4A7E882A0E9959CE4B893E4B89AE5ADA6E7BB84E68890E59198, '20');
INSERT INTO `doctor` VALUES ('83', '黎苗', '女', '5', '8', '主治医师', 0xE6B688E58C96E58685E7A791E4B8BBE6B2BBE58CBBE7949FEFBC8CE58CBBE5ADA6E7A195E5A3ABE3808220E995BFE69C9FE4BB8EE4BA8BE58685E7A791E4B8B4E5BA8AE5B7A5E4BD9CEFBC8C0AE7A7AFE7B4AFE4BA86E4B8B0E5AF8CE79A84E4B8B4E5BA8AE7BB8FE9AA8CEFBC8CE5B0A4E585B6E69385E995BFE6B688E58C96E58685E7A791E5B8B8E8A781E796BEE79785E5A682E685A2E680A7E88383E7828EE38081E6B688E58C96E680A7E6BA83E796A1E38081E885B9E6B3BBE38081E4BEBFE7A798E380810AE88383E882A0E98193E882BFE798A4E38081E7828EE79787E680A7E882A0E79785E4BBA5E58F8AE8829DE88386E796BEE79785E79A84E8AF8AE79697E38082, '6');
INSERT INTO `doctor` VALUES ('84', '贺青', '女', '5', '8', '副主任医师', 0xE6B688E58C96E58685E7A791E589AFE4B8BBE4BBBBE58CBBE5B888EFBC8CE58CBBE5ADA6E58D9AE5A3ABEFBC8CE7A195E5A3ABE7949FE5AFBCE5B888E38082200AE4BB8EE4BA8BE4B8B4E5BA8AE5B7A5E4BD9CE5A49AE5B9B4EFBC8CE5AFB9E88383E882A0E98193E796BEE79785E5A682E685A2E680A7E88383E7828EE38081E6B688E58C96E680A7E6BA83E796A1E38081E685A2E680A7E885B9E6B3BBE38081E4BEBFE7A798E38081E88383E882A0E98193E882BFE798A4EFBC8C0AE4BBA5E58F8AE680A5E685A2E680A7E8829DE7828EE38081E8829DE7A1ACE58C96E7AD89E79A84E8AF8AE696ADE6B2BBE79697E69C89E8BE83E4B8B0E5AF8CE79A84E7BB8FE9AA8C, '5');
INSERT INTO `doctor` VALUES ('85', '汪中扬', '男', '6', '8', '副主任医师', 0xE6B38CE5B0BFE5A496E7A791E589AFE4B8BBE4BBBBE58CBBE5B888EFBC8CE7A195E5A3ABE7949FE5AFBCE5B888EFBC8CE5A4A7E5A496E7A791E589AFE4B8BBE4BBBBE38082200A31393837E5B9B4E6AF95E4B89AE4BA8EE4B8ADE5B1B1E58CBBE7A791E5A4A7E5ADA6E58CBBE5ADA6E7B3BBE38082E4BB8EE4BA8BE6B38CE5B0BFE5A496E7A791E5B7A5E4BD9C3235E5B9B4EFBC8CE78EB0E4BBBBE5859AE5A794E589AFE4B9A6E8AEB0EFBC8CE7BAAAE5A794E4B9A6E8AEB0E380820AE4B8ADE58D8EE58CBBE5ADA6E4BC9AE5B9BFE5B79EE58886E4BC9AE6B38CE5B0BFE5A496E7A791E5ADA6E4BC9AE5B8B8E5A794, '20');
INSERT INTO `doctor` VALUES ('86', '马波', '男', '6', '8', '主治医师', 0xE6B38CE5B0BFE5A496E7A791E4B8BBE6B2BBE58CBBE5B888EFBC8C31393937E5B9B4E6AF95E4B89AE4BA8EE799BDE6B182E681A9E58CBBE7A791E5A4A7E5ADA6E380820AE4BB8EE4BA8BE6B38CE5B0BFE5A496E7A791E4B8B4E5BA8AE5B7A5E4BD9C3130E4BD99E5B9B4EFBC8CE69385E995BFE5898DE58897E885BAE5A29EE7949FE79787E38081E6B38CE5B0BFE7B3BBE7BB93E79FB3E79A84E5BEAEE5889BE6B2BBE79697E380820AE5BC80E5B195E4BA86E7BB8FE5B0BFE98193E5898DE58897E885BAE794B5E58887E69CAFE38081E8BE93E5B0BFE7AEA1E9959CE4B88BE7A28EE79FB3E69CAFE38081E7BB8FE79AAEE882BEE7A9BFE588BAE980A0E79898E58F96E79FB3E69CAFE7AD89E5BEAEE5889BE6898BE69CAFE38082, '14');
INSERT INTO `doctor` VALUES ('87', '瞿虎', '男', '6', '8', '主治医师', 0xE6B38CE5B0BFE5A496E7A791E4B8BBE6B2BBE58CBBE5B888E3808231393938E5B9B4E4B8ADE5B1B1E58CBBE7A791E5A4A7E5ADA6E69CACE7A791E6AF95E4B89AEFBC8C0A313939382D32303034E5B9B4E4BA8EE4B8ADE5B1B1E5A4A7E5ADA6E99984E5B19EE7ACACE4B880E58CBBE999A2EFBC88E9BB84E59F94E999A2E58CBAEFBC89E5B7A5E4BD9CE380820A323030342D32303039E5B9B4E59CA8E4B8ADE5B1B1E5A4A7E5ADA6E99984E5B19EE7ACACE4B880E58CBBE999A2E694BBE8AFBBE5A496E7A791E5ADA6EFBC88E6B38CE5B0BFE5A496E7A791EFBC89E7A195E5A3AB2BE58D9AE5A3ABE5ADA6E4BD8D, '6');
INSERT INTO `doctor` VALUES ('88', '刘晓英', '女', '8', '8', '主治医师', 0xE5A687E4BAA7E7A791E4B8BBE6B2BBE58CBBE5B88820E6AF95E4B89AE4BA8EE69AA8E58D97E5A4A7E5ADA6EFBC8CE4BB8EE4BA8BE5A687E4BAA7E7A791E4B8B4E5BA8AE5B7A5E4BD9C3135E5B9B4EFBC8C0AE4B8B4E5BA8AE7BB8FE9AA8CE4B8B0E5AF8CEFBC8CE69385E995BFE5AD95E69C9FE4BF9DE581A5E58F8AE9AB98E58DB1E5A68AE5A8A0E79A84E8AF8AE696ADE5928CE6B2BBE79697EFBC8CE789B9E588ABE5AFB9E5A68AE5A8A0E69C9FE7B396E5B0BFE79785E38081E5A68AE5A8A0E69C9FE9AB98E8A180E58E8BE79A84E8AF8AE6B2BBE7BB8FE9AA8CE4B8B0E5AF8CEFBC9B0AE69591E6B2BBE58DB1E9878DE79787E79785E4BABAE883BDE58A9BE5BCBAEFBC9BE585B7E69C89E5A8B4E7869FE79A84E6898BE69CAFE68A80E5B7A7, '10');
INSERT INTO `doctor` VALUES ('89', '黄冬丽', '女', '8', '8', '主治医师', 0xE5A687E4BAA7E7A791E4B8BBE6B2BBE58CBBE5B8882032303032E5B9B4E6AF95E4B89AE4BA8EE799BDE6B182E681A9E58CBBE7A791E5A4A7E5ADA6E4B880E79BB4E4BB8EE4BA8BE5A687E4BAA7E7A791E4B8B4E5BA8AE5B7A5E4BD9C200AE585B7E69C89E4B8B0E5AF8CE79A84E4B8B4E5BA8AE7BB8FE9AA8CEFBC8CE69385E995BFE9AB98E58DB1E5A68AE5A8A0E79A84E8AF8AE6B2BBEFBC8CE789B9E588ABE5AFB9E5A68AE5A8A0E7B396E5B0BFE79785E79A84E8AF8AE6B2BBE7BB8FE9AA8CE4B8B0E5AF8CEFBC8CE7869FE68289E5A687E7A791E5B8B8E8A781E79785E79A84E8AF8AE6B2BBEFBC8C0AE5AFB9E59084E7A78DE8AEA1E58892E7949FE882B2E6898BE69CAFE58F8AE4BAA7E7A791E6898BE69CAFE6938DE4BD9CE5A8B4E7869FE38082, '12');
INSERT INTO `doctor` VALUES ('90', '冯志贞', '女', '11', '8', '主治医师', 0xE79CBCE7A791E4B8BBE6B2BBE58CBBE5B888E3808220E4BB8EE4BA8BE79CBCE7A791E4B8B4E5BA8AE5B7A5E4BD9CE58D81E4BD99E5B9B4EFBC8C0AE5AFB9E79CBCE7A791E796BEE79785E69C89E8BE83E4B8B0E5AF8CE79A84E7BB8FE9AA8CE38082E69385E995BFE59084E7A78DE79CBCE7A791E5B8B8E8A781E79785E58F8AE5A49AE58F91E79785E79A84E8AF8AE696ADE5928CE6B2BBE79697EFBC8C0AE5B0A4E585B6E5AFB9E99D92E5B091E5B9B4E5B188E58589E4B88DE6ADA3E79A84E9AA8CE58589E9858DE9959CE69C89E8BE83E4B8B0E5AF8CE79A84E4B8B4E5BA8AE7BB8FE9AA8CE38082, '8');
INSERT INTO `doctor` VALUES ('91', '夏朝霞', '女', '11', '8', '副主任医师', 0xE79CBCE7A791E589AFE4B8BBE4BBBBE58CBBE5B888EFBC8CE58CBBE5ADA6E58D9AE5A3ABEFBC8CE79CBCE7A791E4B893E7A791E4B8BBE4BBBBE38082200AE4BB8EE4BA8BE79CBCE7A791E79A84E4B8B4E5BA8AE58CBBE79697E58F8AE69599E5ADA6E5B7A5E4BD9CE58D81E4BD99E5B9B4EFBC8CE59CA8E79CBCE7A791E796BEE79785E9A286E59F9FE4B8ADE7A7AFE7B4AFE4BA86E8BE83E4B8BAE4B8B0E5AF8CE79A84E7BB8FE9AA8CEFBC8C0AE5B0A4E585B6E59CA8E799BDE58685E99A9CE9A286E59F9FE69C89E8BE83E6B7B1E79A84E7A094E7A9B6E5928CE980A0E8AFA3EFBC8CE69385E995BFE59084E7A78DE799BDE58685E99A9CE79A84E8AF8AE696ADE5928CE6898BE69CAFE6B2BBE79697, '10');
INSERT INTO `doctor` VALUES ('92', '杨筱曦', '女', '11', '8', '主治医师', null, '13');
INSERT INTO `doctor` VALUES ('93', '王维建', '男', '12', '8', '副主任医师', 0xE880B3E9BCBBE59689E7A791E589AFE4B8BBE4BBBBE58CBBE5B888EFBC8CE4B8ADE58D8EE58CBBE5ADA6E4BC9AE5B9BFE5B79EE880B3E9BCBBE59689E7A791E58886E4BC9AE5A794E59198EFBC8C0AE4B8ADE59BBDE889BAE69CAFE58CBBE5ADA6E58D8FE4BC9AE79086E4BA8BE3808220E59CA8E880B3E9BCBBE59689E7A791E5B8B8E8A781E79785E58F8AE79691E99ABEE79785E8AF8AE6B2BBE696B9E99DA2E69C89E8BE83E4B8B0E5AF8CE7BB8FE9AA8CEFBC8CE5AFB9E59793E99FB3E58CBBE5ADA6E69C89E8BE83E6B7B1E585A5E7A094E7A9B6EFBC8C0AE69385E995BFE5A3B0E598B6E796BEE79785E58F8AE880B3E9BCBBE59689E7A791E882BFE798A4E8AF8AE6B2BBE38082, '20');
INSERT INTO `doctor` VALUES ('94', '龙镇', '男', '12', '8', '主治医师', null, '6');
INSERT INTO `doctor` VALUES ('95', '吴良才', '男', '13', '8', '副主任医师', 0xE79AAEE882A4E7A79120E4B8BBE4BBBB20E58CBBE5ADA6E58D9AE5A3AB20E589AFE4B8BBE4BBBBE58CBBE5B888200AE4B8ADE5B1B1E5A4A7E5ADA6E7A195E5A3ABE6AF95E4B89AE5908EE79599E6A0A1E5B7A5E4BD9C3130E4BD99E5B9B4EFBC8CE78EB0E4BBBBE79AAEE882A4E7A791E5ADA6E7A791E5B8A6E5A4B4E4BABAE5928CE4B893E7A791E4B8BBE4BBBBE380820AE58D9AE5A3ABE69C9FE997B4E4B893E6B3A8E4BA8EE5B9B2E7BB86E8839EE7BE8EE5AEB9E4BBA5E58F8AE799BDE7999CE9A38EE79A84E4B8B4E5BA8AE7A094E7A9B6E5B7A5E4BD9C2CE69BBEE59CA8E696B0E58AA0E59DA1E59BBDE7AB8BE5A4A7E5ADA6E58CBBE999A2EFBC884E554829E79FADE69C9FE8AEBFE997AEE4BAA4E6B581E38082, '5');
INSERT INTO `doctor` VALUES ('96', '陈志和', '男', '13', '8', '副主任医师', 0xE79AAEE882A4E7A791E589AFE4B8BBE4BBBBE58CBBE5B888E38082E79AAEE882A4E7A791E8B49FE8B4A3E4BABAE380820A31393737E5B9B4E6AF95E4B89AE4BA8EE7ACACE4B880E5869BE58CBBE5A4A7E5ADA6E4B8B4E5BA8AE58CBBE5ADA6E7B3BBE3808220E4BB8EE4BA8BE79AAEE882A4E680A7E79785E7A791E4B8B4E5BA8AE5B7A5E4BD9C3330E5A49AE5B9B4E380820AE5AFB9E8AF8AE6B2BBE79AAEE882A4E680A7E79785E7A7AFE7B4AFE4BA86E4B8B0E5AF8CE79A84E4B8B4E5BA8AE7BB8FE9AA8CEFBC8CE4B8BBE6B2BBE59084E7A78DE79AAEE882A4E79785E5928CE680A7E79785E38082, '20');
INSERT INTO `doctor` VALUES ('97', '李大', '男', '14', '9', '老中医', 0xE4BABAE7A7B0E58D8EE4BD97E5868DE4B8962CE58CBBE69CAFE7B2BEE6B99B, '100');
INSERT INTO `doctor` VALUES ('98', '李小二', '男', '14', '6', '老中医', 0xE4BABAE7A7B0E58D8EE4BD97E5868DE4B8962CE58CBBE69CAFE9AB98E8B685, '100');
INSERT INTO `doctor` VALUES ('100', '李小二', '男', '14', '5', '老西医', 0xE4BABAE7A7B0E58D8EE4BD97E5868DE4B8962CE58CBBE69CAFE9AB98E8B685, '100');
INSERT INTO `doctor` VALUES ('101', '李小三', '男', '14', '7', '老中医', 0xE4BABAE7A7B0E58D8EE4BD97E5868DE4B8962CE58CBBE69CAFE9AB98E8B685, '100');
INSERT INTO `doctor` VALUES ('102', '李小四', '男', '14', '8', '老中医', 0xE4BABAE7A7B0E58D8EE4BD97E5868DE4B8962CE58CBBE69CAFE9AB98E8B685, '100');
INSERT INTO `doctor` VALUES ('103', '魏小二', '男', '24', '6', '老中医', 0xE4BABAE7A7B0E58D8EE4BD97E5868DE4B8962CE58CBBE69CAFE9AB98E8B685EFBC8CE59084E7A78D36, '20');
INSERT INTO `doctor` VALUES ('104', '魏小三', '男', '20', '7', '老中医', 0xE4BABAE7A7B0E58D8EE4BD97E5868DE4B8962CE58CBBE69CAFE9AB98E8B685EFBC8CE59084E7A78D36, '10');
INSERT INTO `doctor` VALUES ('105', '魏小四', '男', '33', '6', '老中医', 0xE4BABAE7A7B0E58D8EE4BD97E5868DE4B8962CE58CBBE69CAFE9AB98E8B685EFBC8CE59084E7A78D36, '10');
INSERT INTO `doctor` VALUES ('106', '魏小五', '男', '34', '8', '老中医', 0xE4BABAE7A7B0E58D8EE4BD97E5868DE4B8962CE58CBBE69CAFE9AB98E8B685EFBC8CE59084E7A78D36, '10');
INSERT INTO `doctor` VALUES ('108', '魏小七', '女', '20', '6', '副主任', 0xE4B893E6B2BBE5A687E7A791E4BA8CE58D81E5B9B4EFBC8CE7A7AFE7B4AFE4BA86E5A4A7E9878FE7BB8FE9AA8CEFBC8CE5A4A7E5ADA6E7A094E7A094E7A9B6E5A687E7A791E6B7B1E585A5, '10');
INSERT INTO `doctor` VALUES ('109', '魏丽群', '女', '35', '5', '副教授', 0xE4B893E6B2BBE7A59EE7BB8FE7A791E4BA8CE58D81E5B9B4EFBC8CE7A7AFE7B4AFE4BA86E5A4A7E9878FE7BB8FE9AA8CEFBC8CE5A4A7E5ADA6E7A094E7A094E7A9B6E7A59EE7BB8FE7A791E6B7B1E585A5, '40');
INSERT INTO `doctor` VALUES ('110', '凌丽群', '女', '36', '6', '教授', 0xE4B893E6B2BBE7A59EE7BB8FE7A791E4BA8CE58D81E5B9B4EFBC8CE7A094E7A9B6E59084E7A78DE5818FE5A4B4E796BCEFBC8CE7A59EE7BB8FE8A1B0E5BCB1, '50');
INSERT INTO `doctor` VALUES ('111', '赵下其', '男', '37', '7', '教授', 0xE4B893E6B2BBE7A59EE7BB8FE7A791E4BA8CE58D81E5B9B4EFBC8CE7A094E7A9B6E59084E7A78DE5818FE5A4B4E796BCEFBC8CE7A59EE7BB8FE8A1B0E5BCB1, '50');
INSERT INTO `doctor` VALUES ('112', '名一生', '男', '38', '8', '教授', 0xE4B893E6B2BBE7A59EE7BB8FE7A791E4BA8CE58D81E5B9B4EFBC8CE7A094E7A9B6E59084E7A78DE5818FE5A4B4E796BCEFBC8CE7A59EE7BB8FE8A1B0E5BCB1EFBC8CE7B2BEE7A59EE4B88DE4BDB3E7AD89E79787E78AB6, '50');
INSERT INTO `doctor` VALUES ('113', '李翀', '男', '39', '9', '副教授', 0xE4B893E6B2BBE7A59EE7BB8FE7A791E4BA8CE58D81E5B9B4EFBC8CE7A094E7A9B6E59084E7A78DE5818FE5A4B4E796BCEFBC8CE7A59EE7BB8FE8A1B0E5BCB1EFBC8CE7B2BEE7A59EE4B88DE4BDB3E7AD89E79787E78AB6, '50');
INSERT INTO `doctor` VALUES ('114', '魏', '男', '14', '5', '教授', 0x6476626A6B626473, '10');
INSERT INTO `doctor` VALUES ('115', '花销', '男', '14', '5', '副教授', 0xE5B08FE584BFE6849FE58692, '21');
INSERT INTO `doctor` VALUES ('116', '成龙', '男', '14', '5', '老中医', 0xE7BD91E798BE, '21');
INSERT INTO `doctor` VALUES ('117', '陈品新', '男', '14', '5', '老中医', 0x3234E8AEA933E58F91E9A29DE6999AE9A5AD, '12');
INSERT INTO `doctor` VALUES ('118', '龙脊', '女', '14', '5', '副主任', 0xE8B18CE8B186E7B289E58F91, '32');
INSERT INTO `doctor` VALUES ('119', '捞辉', '男', '14', '5', '教授', 0xE78E8BE88FB2E58886E983BDE697A0E6B39566, '13');
INSERT INTO `doctor` VALUES ('120', '陈医生', '女', '14', '5', '副教授', 0xE79A8456E4BABA, '24');
INSERT INTO `doctor` VALUES ('121', '小该', '男', '14', '5', '老西医', 0xE7ACACE4B889E6ACA1EFBC8CE6B581E8A18CE680A7E6849FE58692, '45');

-- ----------------------------
-- Table structure for hospital
-- ----------------------------
DROP TABLE IF EXISTS `hospital`;
CREATE TABLE `hospital` (
  `hospital_id` int(11) NOT NULL AUTO_INCREMENT,
  `name` varchar(20) COLLATE utf8_bin NOT NULL,
  `rank` varchar(20) COLLATE utf8_bin NOT NULL,
  `address` text COLLATE utf8_bin NOT NULL,
  `telephone` varchar(20) COLLATE utf8_bin NOT NULL,
  `path` varchar(35) COLLATE utf8_bin NOT NULL,
  `brief` text COLLATE utf8_bin NOT NULL,
  `property` varchar(10) COLLATE utf8_bin NOT NULL,
  PRIMARY KEY (`hospital_id`)
) ENGINE=InnoDB AUTO_INCREMENT=10 DEFAULT CHARSET=utf8 COLLATE=utf8_bin;

-- ----------------------------
-- Records of hospital
-- ----------------------------
INSERT INTO `hospital` VALUES ('5', '广州中医药大学第一附属医院', '三级医院', 0xE5B9BFE5B79EE799BDE4BA91E69CBAE59CBAE8B7AF3136E58FB7, '020-36591912', 'images/hospital/gzyFirst.png', 0xE5B9BFE5B79EE4B8ADE58CBBE88DAFE5A4A7E5ADA6E7ACACE4B880E99984E5B19EE58CBBE999A2, '公立医院');
INSERT INTO `hospital` VALUES ('6', '广州医科大学附属第二医院', '三级医院', 0xE5B9BFE5B79EE5B882E6B5B7E78FA0E58CBAE6988CE5B297E4B89CE8B7AF323530E58FB7, '34152282', 'images/hospital/gzySecond.jpg', 0xE5B9BFE5B79EE58CBBE7A791E5A4A7E5ADA6E99984E5B19EE7ACACE4BA8CE58CBBE999A2EFBC88E7AE80E7A7B0E5B9BFE58CBBE4BA8CE999A2EFBC89E4BA8E31393832E5B9B43132E69C88E6ADA3E5BC8FE68C82E7898CEFBC8C32303034E5B9B438E69C88E68890E7AB8BE5B9BFE5B79EE58CBBE5ADA6E999A2E7ACACE4BA8CE4B8B4E5BA8AE5ADA6E999A2E38082, '公立医院');
INSERT INTO `hospital` VALUES ('7', '广州市南沙中心医院', '三级医院', 0xE5B9BFE5B79EE5B882E58D97E6B299E58CBAE4B8B0E6B3BDE4B89CE8B7AF313035E58FB7, '020-22903666', 'images/hospital/gzsNan.jpg', 0xE5B9BFE5B79EE5B882E58D97E6B299E4B8ADE5BF83E58CBBE999A2E698AFE5B9BFE5B79EE5B882E4BABAE6B091E694BFE5BA9CE4B88EE58D97E6B299E58CBAE4BABAE6B091E694BFE5BA9CE4B8BAE5AE8CE59684E58D97E6B299E58CBAE79A84E58CBBE79697E8AEBEE696BDE9858DE7BDAEEFBC8C0AE58AA0E5BFABE58D97E983A8E5B9BFE5B79EE696B0E59F8EE5BBBAE8AEBEE8808CE585B1E5908CE68A95E8B584E79A84EFBC8CE58D97E6B299E58CBAE58685E594AFE4B880E4B880E68980E68C89E4B889E7BAA7E58CBBE999A2E6A087E58786E585B4E5BBBAE79A84E7BBBCE59088E680A7E58CBBE999A2E38082, '公立医院');
INSERT INTO `hospital` VALUES ('8', '中山大学附属第六医院', '三级医院', 0xE5B9BFE5B79EE5B882E5A4A9E6B2B3E58CBAE59198E69D91E4BA8CE6A8AAE8B7AF3236E58FB7, '38254000', 'images/hospital/gzsTian.jpg', 0xE4B8ADE5B1B1E5A4A7E5ADA6E99984E5B19EE7ACACE585ADE58CBBE999A2E698AFE4B880E68980E99B86E58CBBE79697E38081E69599E5ADA6E38081E7A791E7A094E38081E9A284E998B2E5928CE5BAB7E5A48DE4BF9DE581A5E7AD89E4B8BAE4B880E4BD93E79A84E5A4A7E4B893E7A791E5BCBAE7BBBCE59088E58CBBE999A2EFBC8C0AE68BA5E69C89E4B8A4E4B8AAE999A2E58CBAEFBC88E59198E69D91E999A2E69CACE983A8E5928CE798A6E78B97E5B2ADE58C97E999A2E58CBAEFBC89E38082, '公立医院');
INSERT INTO `hospital` VALUES ('9', '广州华侨附属医院', '特等医院', 0xE5B9BFE5B79EE6B5B7E78FA0E58CBAE69CBAE59CBAE8B7AF3136E58FB7, '020-34720112', 'images/hospital/huaqiao.png', 0xE5B9BFE5B79EE58D8EE4BEA8E99984E5B19EE58CBBE999A2EFBC8CE4BDA0E580BCE5BE97E4BFA1E8B596EFBC8CE4BF9DE8AF81E4BDA0E585A8E5AEB6E581A5E5BAB7, '私立医院');

-- ----------------------------
-- Table structure for period
-- ----------------------------
DROP TABLE IF EXISTS `period`;
CREATE TABLE `period` (
  `period_id` int(11) NOT NULL AUTO_INCREMENT,
  `date` date NOT NULL,
  `begin_time` time NOT NULL,
  `end_time` time NOT NULL,
  PRIMARY KEY (`period_id`)
) ENGINE=InnoDB AUTO_INCREMENT=27 DEFAULT CHARSET=utf8 COLLATE=utf8_bin;

-- ----------------------------
-- Records of period
-- ----------------------------
INSERT INTO `period` VALUES ('1', '2016-05-04', '09:00:00', '10:00:00');
INSERT INTO `period` VALUES ('2', '2016-05-21', '10:00:00', '11:00:00');
INSERT INTO `period` VALUES ('3', '2016-05-21', '09:00:00', '10:00:00');
INSERT INTO `period` VALUES ('4', '2016-05-21', '11:00:00', '12:00:00');
INSERT INTO `period` VALUES ('5', '2016-05-04', '09:00:00', '10:00:00');
INSERT INTO `period` VALUES ('6', '2016-05-21', '09:00:00', '10:00:00');
INSERT INTO `period` VALUES ('7', '2016-05-21', '10:00:00', '11:00:00');
INSERT INTO `period` VALUES ('8', '2016-05-21', '11:00:00', '12:00:00');
INSERT INTO `period` VALUES ('9', '2016-05-04', '10:00:00', '11:00:00');
INSERT INTO `period` VALUES ('10', '2016-05-04', '11:00:00', '12:00:00');
INSERT INTO `period` VALUES ('11', '2016-06-04', '10:00:00', '11:00:00');
INSERT INTO `period` VALUES ('12', '2016-06-08', '10:00:00', '11:00:00');
INSERT INTO `period` VALUES ('13', '2016-06-10', '10:00:00', '11:00:00');
INSERT INTO `period` VALUES ('14', '2016-06-10', '10:00:00', '11:00:00');
INSERT INTO `period` VALUES ('15', '2016-06-14', '10:00:00', '11:00:00');
INSERT INTO `period` VALUES ('16', '2016-06-14', '09:00:00', '10:00:00');
INSERT INTO `period` VALUES ('17', '2016-06-14', '03:00:00', '04:00:00');
INSERT INTO `period` VALUES ('18', '2016-06-14', '15:00:00', '16:00:00');
INSERT INTO `period` VALUES ('19', '2016-06-17', '11:00:00', '12:00:00');
INSERT INTO `period` VALUES ('20', '2017-01-27', '09:00:00', '10:00:00');
INSERT INTO `period` VALUES ('21', '2017-01-31', '09:00:00', '10:00:00');
INSERT INTO `period` VALUES ('22', '2017-02-02', '10:00:00', '11:00:00');
INSERT INTO `period` VALUES ('23', '2017-03-15', '10:00:00', '11:00:00');
INSERT INTO `period` VALUES ('24', '2017-03-14', '10:00:00', '11:00:00');
INSERT INTO `period` VALUES ('25', '2017-03-16', '09:00:00', '10:00:00');
INSERT INTO `period` VALUES ('26', '2017-03-17', '15:00:00', '16:00:00');

-- ----------------------------
-- Table structure for registration
-- ----------------------------
DROP TABLE IF EXISTS `registration`;
CREATE TABLE `registration` (
  `registration_id` int(11) NOT NULL AUTO_INCREMENT,
  `hospital_Name` varchar(30) COLLATE utf8_bin NOT NULL,
  `doctorName` varchar(10) COLLATE utf8_bin NOT NULL,
  `regfee` int(11) NOT NULL,
  `date` varchar(30) COLLATE utf8_bin NOT NULL,
  `way` varchar(10) COLLATE utf8_bin NOT NULL,
  `state` varchar(20) COLLATE utf8_bin NOT NULL,
  `username` varchar(20) COLLATE utf8_bin NOT NULL,
  `departmentName` varchar(20) COLLATE utf8_bin DEFAULT NULL,
  `hospital_id` int(11) DEFAULT NULL,
  `period_id` int(11) DEFAULT NULL,
  `doctor_id` int(11) DEFAULT NULL,
  `department_id` int(11) DEFAULT NULL,
  PRIMARY KEY (`registration_id`),
  KEY `FKAF83E8B9C35648F0` (`department_id`),
  KEY `FKAF83E8B923AA2990` (`period_id`),
  KEY `FKAF83E8B9E2FB2570` (`hospital_id`),
  KEY `FKAF83E8B9249B04D0` (`doctor_id`),
  KEY `FKAF83E8B9A2EC0984` (`department_id`),
  KEY `FKAF83E8B9BDBF5424` (`period_id`),
  KEY `FKAF83E8B94C6FFB04` (`hospital_id`),
  KEY `FKAF83E8B9BEB02F64` (`doctor_id`),
  CONSTRAINT `FKAF83E8B923AA2990` FOREIGN KEY (`period_id`) REFERENCES `period` (`period_id`),
  CONSTRAINT `FKAF83E8B9249B04D0` FOREIGN KEY (`doctor_id`) REFERENCES `doctor` (`doctor_id`),
  CONSTRAINT `FKAF83E8B94C6FFB04` FOREIGN KEY (`hospital_id`) REFERENCES `hospital` (`hospital_id`),
  CONSTRAINT `FKAF83E8B9A2EC0984` FOREIGN KEY (`department_id`) REFERENCES `department` (`department_id`),
  CONSTRAINT `FKAF83E8B9BDBF5424` FOREIGN KEY (`period_id`) REFERENCES `period` (`period_id`),
  CONSTRAINT `FKAF83E8B9BEB02F64` FOREIGN KEY (`doctor_id`) REFERENCES `doctor` (`doctor_id`),
  CONSTRAINT `FKAF83E8B9C35648F0` FOREIGN KEY (`department_id`) REFERENCES `department` (`department_id`),
  CONSTRAINT `FKAF83E8B9E2FB2570` FOREIGN KEY (`hospital_id`) REFERENCES `hospital` (`hospital_id`)
) ENGINE=InnoDB AUTO_INCREMENT=184 DEFAULT CHARSET=utf8 COLLATE=utf8_bin;

-- ----------------------------
-- Records of registration
-- ----------------------------
INSERT INTO `registration` VALUES ('141', '广州医科大学附属第二医院', '赵英恒', '5', '2016-06-14-下午15:00-16:00', '网站', '已付款', 'whx234', '内科门诊', null, null, null, null);
INSERT INTO `registration` VALUES ('143', '广州医科大学附属第二医院', '赵英恒', '5', '2016-06-14-下午14:00-15:00', '网站', '已付款', 'whx12', '内科门诊', null, null, null, null);
INSERT INTO `registration` VALUES ('145', '广州医科大学附属第二医院', '赵英恒', '5', '2016-06-14-上午11:00-12:00', '网站', '未付款', 'whx12', '内科门诊', null, null, null, null);
INSERT INTO `registration` VALUES ('146', '广州医科大学附属第二医院', '赵英恒', '5', '2016-06-14-下午14:00-15:00', '网站', '已付款', 'whx', '内科门诊', null, null, null, null);
INSERT INTO `registration` VALUES ('147', '广州医科大学附属第二医院', '赵英恒', '5', '2016-06-14-下午15:00-16:00', '网站', '已付款', 'whx', '内科门诊', null, null, null, null);
INSERT INTO `registration` VALUES ('148', '广州医科大学附属第二医院', '赵英恒', '5', '2016-06-14-上午11:00-12:00', '网站', '已付款', 'whx', '内科门诊', null, null, null, null);
INSERT INTO `registration` VALUES ('149', '广州医科大学附属第二医院', '赵英恒', '5', '2016-06-14-上午10:00-11:00', '网站', '已付款', 'whx', '内科门诊', null, null, null, null);
INSERT INTO `registration` VALUES ('150', '广州医科大学附属第二医院', '赵英恒', '5', '2016-06-14-上午10:00-11:00', '网站', '已付款', 'whx123', '内科门诊', null, null, null, null);
INSERT INTO `registration` VALUES ('151', '广州医科大学附属第二医院', '赵英恒', '5', '2016-06-14-上午11:00-12:00', '网站', '已付款', 'whx123', '内科门诊', null, null, null, null);
INSERT INTO `registration` VALUES ('152', '广州医科大学附属第二医院', '赵英恒', '5', '2016-06-14-上午10:00-11:00', '网站', '已付款', 'whx23', '内科门诊', null, null, null, null);
INSERT INTO `registration` VALUES ('155', '广州医科大学附属第二医院', '赵英恒', '5', '2016-06-17-上午11:00-12:00', '网站', '已付款', 'whx', '内科门诊', null, null, null, null);
INSERT INTO `registration` VALUES ('168', '广州中医药大学第一附属医院', '魏', '10', '2017-02-11-上午10:00-11:00', '网站', '已付款', 'wer', '岭南名医门诊', null, null, '114', null);
INSERT INTO `registration` VALUES ('173', '广州中医药大学第一附属医院', '花销', '21', '2017-02-17-上午09:00-10:00', '网站', '已付款', 'mml', '岭南名医门诊', null, null, '115', null);
INSERT INTO `registration` VALUES ('174', '广州中医药大学第一附属医院', '魏', '10', '2017-03-02-上午10:00-11:00', '网站', '已付款', 'weihuaxiao', '岭南名医门诊', null, null, '114', null);
INSERT INTO `registration` VALUES ('175', '广州医科大学附属第二医院', '张兰珍', '5', '2017-03-15-上午10:00-11:00', '网站', '未付款', 'wer', '产科门诊', null, null, '58', null);
INSERT INTO `registration` VALUES ('177', '广州医科大学附属第二医院', '张兰珍', '5', '2017-03-15-上午10:00-11:00', '网站', '未付款', 'weihuaxiao', '产科门诊', null, null, '58', null);
INSERT INTO `registration` VALUES ('178', '广州医科大学附属第二医院', '张兰珍', '5', '2017-03-15-上午11:00-12:00', '网站', '未付款', 'weihuaxiao', '产科门诊', null, null, '58', null);
INSERT INTO `registration` VALUES ('180', '广州中医药大学第一附属医院', '刘敏', '12', '2017-03-17-下午16:00-17:00', '网站', '未付款', 'weihuaxiao', '内科门诊', null, null, '12', null);
INSERT INTO `registration` VALUES ('182', '广州中医药大学第一附属医院', '刘敏', '12', '2017-03-17-下午14:00-15:00', '网站', '未付款', 'weihuaxiao', '内科门诊', null, null, '12', null);
INSERT INTO `registration` VALUES ('183', '广州医科大学附属第二医院', '张兰珍', '5', '2017-03-15-上午10:00-11:00', '网站', '未付款', 'WTL', '产科门诊', null, null, '58', null);

-- ----------------------------
-- Table structure for schedule
-- ----------------------------
DROP TABLE IF EXISTS `schedule`;
CREATE TABLE `schedule` (
  `doctor_id` int(11) NOT NULL,
  `period_id` int(11) NOT NULL,
  `user_id` int(11) DEFAULT NULL,
  PRIMARY KEY (`doctor_id`,`period_id`),
  KEY `FKD6669297CEA03165` (`period_id`),
  KEY `FKD6669297CF910CA5` (`doctor_id`),
  KEY `FKD666929723AA2990` (`period_id`),
  KEY `FKD6669297249B04D0` (`doctor_id`),
  KEY `FKD6669297BDBF5424` (`period_id`),
  KEY `FKD6669297BEB02F64` (`doctor_id`),
  CONSTRAINT `FKD666929723AA2990` FOREIGN KEY (`period_id`) REFERENCES `period` (`period_id`),
  CONSTRAINT `FKD6669297249B04D0` FOREIGN KEY (`doctor_id`) REFERENCES `doctor` (`doctor_id`),
  CONSTRAINT `FKD6669297BDBF5424` FOREIGN KEY (`period_id`) REFERENCES `period` (`period_id`),
  CONSTRAINT `FKD6669297BEB02F64` FOREIGN KEY (`doctor_id`) REFERENCES `doctor` (`doctor_id`),
  CONSTRAINT `schedule_doctor` FOREIGN KEY (`doctor_id`) REFERENCES `doctor` (`doctor_id`),
  CONSTRAINT `schedule_period` FOREIGN KEY (`period_id`) REFERENCES `period` (`period_id`)
) ENGINE=InnoDB DEFAULT CHARSET=utf8 COLLATE=utf8_bin;

-- ----------------------------
-- Records of schedule
-- ----------------------------
INSERT INTO `schedule` VALUES ('12', '25', null);
INSERT INTO `schedule` VALUES ('12', '26', null);
INSERT INTO `schedule` VALUES ('32', '12', null);
INSERT INTO `schedule` VALUES ('32', '13', null);
INSERT INTO `schedule` VALUES ('32', '15', null);
INSERT INTO `schedule` VALUES ('32', '16', null);
INSERT INTO `schedule` VALUES ('32', '17', null);
INSERT INTO `schedule` VALUES ('32', '18', null);
INSERT INTO `schedule` VALUES ('32', '19', null);
INSERT INTO `schedule` VALUES ('33', '13', null);
INSERT INTO `schedule` VALUES ('58', '23', null);
INSERT INTO `schedule` VALUES ('97', '20', null);
INSERT INTO `schedule` VALUES ('98', '20', null);
INSERT INTO `schedule` VALUES ('100', '20', null);
INSERT INTO `schedule` VALUES ('100', '21', null);
INSERT INTO `schedule` VALUES ('114', '23', null);
INSERT INTO `schedule` VALUES ('114', '24', null);
INSERT INTO `schedule` VALUES ('115', '21', null);
INSERT INTO `schedule` VALUES ('115', '22', null);
INSERT INTO `schedule` VALUES ('115', '23', null);
INSERT INTO `schedule` VALUES ('115', '24', null);
INSERT INTO `schedule` VALUES ('115', '25', null);
INSERT INTO `schedule` VALUES ('117', '23', null);
INSERT INTO `schedule` VALUES ('121', '25', null);

-- ----------------------------
-- Table structure for user
-- ----------------------------
DROP TABLE IF EXISTS `user`;
CREATE TABLE `user` (
  `user_id` int(11) NOT NULL AUTO_INCREMENT,
  `user_name` varchar(20) COLLATE utf8_bin NOT NULL,
  `user_pwd` varchar(20) COLLATE utf8_bin NOT NULL,
  `user_realname` varchar(20) COLLATE utf8_bin NOT NULL,
  `sex` enum('男','女') COLLATE utf8_bin NOT NULL,
  `address` text COLLATE utf8_bin NOT NULL,
  `tel` varchar(20) COLLATE utf8_bin NOT NULL,
  `identification_id` varchar(20) COLLATE utf8_bin NOT NULL,
  `birthday` date NOT NULL,
  `email` varchar(50) COLLATE utf8_bin NOT NULL,
  `balance` int(11) NOT NULL,
  `imageUrl` varchar(100) COLLATE utf8_bin NOT NULL,
  `activated` char(1) COLLATE utf8_bin DEFAULT NULL,
  `randomCode` varchar(255) COLLATE utf8_bin DEFAULT NULL,
  PRIMARY KEY (`user_id`)
) ENGINE=InnoDB AUTO_INCREMENT=189 DEFAULT CHARSET=utf8 COLLATE=utf8_bin;

-- ----------------------------
-- Records of user
-- ----------------------------
INSERT INTO `user` VALUES ('1', 'whx12345', 'whx63729', '魏春玲', '女', 0xE99C9EE5B1B1E9AD8FE5B18BE69D91, '18814122727', '441882199401072657', '0095-01-07', '', '2149', '', null, null);
INSERT INTO `user` VALUES ('2', 'whx2', 'whx63729', '魏文侯', '男', 0xE6B99BE6B19F, '18814122728', '441882199401072657', '1994-01-07', '', '0', '', null, null);
INSERT INTO `user` VALUES ('124', '胖子', '12345678', '严家勋', '男', 0xE6B7B1E59CB3, '18812345567', '440123456789098745', '1995-01-01', '', '10', '', null, null);
INSERT INTO `user` VALUES ('125', 'whx123', 'whx', '魏华群', '男', 0xE998B3E6B19F, '18814122507', '44088319931127', '1997-06-10', '', '10', '', null, null);
INSERT INTO `user` VALUES ('126', 'whx234', '234', '魏华', '男', 0xE590B4E5B79D, '18814122729', '440883199311282640', '1993-11-28', '', '15', '', null, null);
INSERT INTO `user` VALUES ('127', 'whx23', 'whx63729', '魏泽宇', '男', 0xE590B4E5B79D, '18814122729', '440883201308873726', '2013-10-26', '', '5', '', null, null);
INSERT INTO `user` VALUES ('128', 'whx23', 'whx63729', '魏泽宇', '男', 0xE590B4E5B79D, '18814122729', '440883201308873726', '2013-10-26', '', '10', '', null, null);
INSERT INTO `user` VALUES ('129', 'whx23', 'whx63729', '魏泽宇', '男', 0xE590B4E5B79D, '18814122729', '440883201308873726', '2013-10-26', '', '10', '', null, null);
INSERT INTO `user` VALUES ('130', 'whx23', 'whx63729', '魏泽宇', '男', 0xE590B4E5B79D, '18814122729', '440883201308873726', '2013-10-26', '', '10', '', null, null);
INSERT INTO `user` VALUES ('131', 'whx23', 'whx63729', '魏泽宇', '男', 0xE590B4E5B79D, '18814122729', '440883201308873726', '2013-10-26', '', '10', '', null, null);
INSERT INTO `user` VALUES ('132', 'whx23', 'whx63729', '魏泽宇', '男', 0xE590B4E5B79D, '18814122729', '440883201308873726', '2013-10-26', '', '10', '', null, null);
INSERT INTO `user` VALUES ('133', 'whx23', 'whx63729', '魏泽宇', '男', 0xE590B4E5B79D, '18814122729', '440883201308873726', '2013-10-26', '', '10', '', null, null);
INSERT INTO `user` VALUES ('134', 'whx12', '123', '魏思敏', '男', 0xE590B4E5B79DE8919B, '18814122507', '440883199311282656', '1993-11-28', '', '0', '', null, null);
INSERT INTO `user` VALUES ('135', 'whx1234', 'whx63729', '魏华晓', '男', 0xE590B4E5B79DE5A198E5B0BEE9AD8FE5B18BE69D91, '18814122507', '440883199311282640', '1993-11-28', '', '10', '', null, null);
INSERT INTO `user` VALUES ('144', '1234', '123456', '魏华晓', '男', 0xE4B8BAE697A0E5AD98, '18814122728', '440883199311282656', '1993-11-28', '', '0', '/Hospital_Guahao/upload/1480604196801.jpg', null, null);
INSERT INTO `user` VALUES ('145', '12w', '123456', '魏华晓', '男', 0xE9AD8FE5B18BE69D91, '18814122729', '440883199311282657', '1993-11-28', '', '0', '/Hospital_Guahao/upload/1480605266951.jpg', null, null);
INSERT INTO `user` VALUES ('163', 'wer1', '123456', '花销', '男', 0xE4B8BAE697A0E5AD98, '18814122729', '440883199311282671', '0093-11-28', '', '100', '/Hospital_Guahao/upload/1480692916642.jpg', null, null);
INSERT INTO `user` VALUES ('164', 'wer', '123456', '花销', '男', 0xE4B8BAE697A0E5AD98, '18814122729', '440883199311282671', '1993-11-28', '', '0', '/Hospital_Guahao/upload/1480693785885.jpg', null, null);
INSERT INTO `user` VALUES ('165', 'wer', '123456', '花销', '男', 0xE4B8BAE697A0E5AD98, '18814122729', '440883199311282671', '1993-11-28', '', '0', '/Hospital_Guahao/upload/1480693855893.jpg', null, null);
INSERT INTO `user` VALUES ('166', 'wer', '123456', '花销', '男', 0xE4B8BAE697A0E5AD98, '18814122729', '440883199311282671', '1993-11-28', '', '0', '/Hospital_Guahao/upload/1480693880869.jpg', null, null);
INSERT INTO `user` VALUES ('167', 'wer', '123456', '花销', '男', 0xE4B8BAE697A0E5AD98, '18814122729', '440883199311282671', '1993-11-28', '', '0', '/Hospital_Guahao/upload/1480693901046.jpg', null, null);
INSERT INTO `user` VALUES ('168', 'wer', '123456', '花销', '男', 0xE4B8BAE697A0E5AD98, '18814122729', '440883199311282671', '1993-11-28', '', '0', '/Hospital_Guahao/upload/1480693912563.jpg', null, null);
INSERT INTO `user` VALUES ('169', 'wer', '123456', '花销', '男', 0xE4B8BAE697A0E5AD98, '18814122729', '440883199311282671', '1993-11-28', '', '0', '/Hospital_Guahao/upload/1480693926294.jpg', null, null);
INSERT INTO `user` VALUES ('170', 'wer', '123456', '花销', '男', 0xE4B8BAE697A0E5AD98, '18814122729', '440883199311282671', '1993-11-28', '', '0', '/Hospital_Guahao/upload/1480696152105.jpg', null, null);
INSERT INTO `user` VALUES ('171', 'wer', '123456', '花销', '男', 0xE4B8BAE697A0E5AD98, '18814122729', '440883199311282671', '1993-11-28', '', '0', '/Hospital_Guahao/upload/1480696202907.jpg', null, null);
INSERT INTO `user` VALUES ('172', 'wer', '123456', '花销', '男', 0xE4B8BAE697A0E5AD98, '18814122729', '440883199311282671', '1993-11-28', '', '0', '/Hospital_Guahao/upload/1480696225688.jpg', null, null);
INSERT INTO `user` VALUES ('173', 'wer', '123456', '花销', '男', 0xE4B8BAE697A0E5AD98, '18814122729', '440883199311282671', '1993-11-28', '', '0', '/Hospital_Guahao/upload/1480696247102.jpg', null, null);
INSERT INTO `user` VALUES ('176', 'LHM', '123456', '凌海媚', '女', 0xE590B4E5B79D, '15590192191', '440883199311282601', '1993-11-28', '327658337@qq.com', '0', '/Hospital_Guahao/upload/1487518201080.jpg', null, null);
INSERT INTO `user` VALUES ('178', 'WHX', '123456', '魏华晓', '男', 0xE698AFE79A84E982A3E68891E5B0B1, '18814122729', '440883199311282657', '1993-11-28', '327658337@qq.com', '0', '/Hospital_Guahao/upload/1487518954443.jpg', null, null);
INSERT INTO `user` VALUES ('179', 'WTL', '123456', '为土林', '女', 0xE5AE9AE4BD8DE7B2BEE5BAA6, '18814122729', '44088319931128265x', '1993-11-28', '327658337@qq.com', '0', '/Hospital_Guahao/upload/1487520083190.jpg', null, null);
INSERT INTO `user` VALUES ('181', 'WTL2', '123456', '轻武器', '男', 0xE99BB7E5B79E, '18814122729', '440883199311282657', '1993-11-28', '327658337@qq.com', '0', '/Hospital_Guahao/upload/1487596601205.jpg', null, null);
INSERT INTO `user` VALUES ('186', 'WTL1', '123456', '花销', '男', 0xE5A198E5B0BE, '18814122729', '440883199311282657', '1993-11-28', '327658337@qq.com', '0', '/Hospital_Guahao/upload/1487599295394.jpg', null, null);
INSERT INTO `user` VALUES ('187', 'whx', '123456', '魏华晓', '男', 0xE590B4E5B79D, '18814122728', '440883199311282657', '1993-11-28', '327658337@qq.com', '0', '/Hospital_Guahao/upload/1487599787433.jpg', '1', null);
INSERT INTO `user` VALUES ('188', 'weihuaxiao', '123', '魏华晓', '女', 0xE5A198E5B0BEE5A881E6ADA6E59388E59388, '188141227289', '440883199311282657', '0093-12-18', '327658337@qq.com', '78', '/Hospital_Guahao/upload/1487776579017.jpg', '1', null);

-- ----------------------------
-- Table structure for worktime
-- ----------------------------
DROP TABLE IF EXISTS `worktime`;
CREATE TABLE `worktime` (
  `doctor_id` int(11) NOT NULL DEFAULT '0',
  `period_id` int(11) NOT NULL DEFAULT '0',
  PRIMARY KEY (`doctor_id`,`period_id`),
  KEY `FK222295ECEA03165` (`period_id`),
  KEY `FK222295ECF910CA5` (`doctor_id`),
  KEY `FK222295E23AA2990` (`period_id`),
  KEY `FK222295E249B04D0` (`doctor_id`),
  KEY `FK222295EBDBF5424` (`period_id`),
  KEY `FK222295EBEB02F64` (`doctor_id`),
  CONSTRAINT `FK222295E23AA2990` FOREIGN KEY (`period_id`) REFERENCES `period` (`period_id`),
  CONSTRAINT `FK222295E249B04D0` FOREIGN KEY (`doctor_id`) REFERENCES `doctor` (`doctor_id`),
  CONSTRAINT `FK222295EBDBF5424` FOREIGN KEY (`period_id`) REFERENCES `period` (`period_id`),
  CONSTRAINT `FK222295EBEB02F64` FOREIGN KEY (`doctor_id`) REFERENCES `doctor` (`doctor_id`),
  CONSTRAINT `worktime_ibfk_1` FOREIGN KEY (`doctor_id`) REFERENCES `doctor` (`doctor_id`),
  CONSTRAINT `worktime_ibfk_2` FOREIGN KEY (`period_id`) REFERENCES `period` (`period_id`)
) ENGINE=InnoDB DEFAULT CHARSET=utf8 COLLATE=utf8_bin;

-- ----------------------------
-- Records of worktime
-- ----------------------------
